n,k,d
2.62,-0.073,0.0005624
5.49,-0.18,0.0004644
1.1,-0.1,0.0004593
7.3,-0.2,0.0004145
4.87,-0.18,0.0003549
2.62,-0.0094,0.0006174
6.33,-0.022,0.0006075
4.15,-0.007,0.0004293
3.06,-0.1,0.00072
4.26,-0.056,0.0003365
3.84,-0.2,0.0003517
1.61,-0.15,0.0004575
2.21,-0.097,0.0003986
1.41,-0.068,0.0006402
6.83,-0.025,0.0007415
6.91,-0.18,0.000602
1.11,-0.012,0.0004511
2.03,-0.18,0.0006191
7.39,-0.063,0.0006769
2.31,-0.11,0.0004065
4.51,-0.14,0.0005484
1.9,-0.19,0.0003892
1.98,-0.018,0.0006258
5.41,-0.0098,0.0002556
6.97,-0.15,0.0006779
4.02,-0.15,0.0004925
5.55,-0.02,0.0005917
4.47,-0.1,0.0006885
3.58,-0.0086,0.0003154
5.24,-0.0028,0.0006311
5.86,-0.073,0.0003122
1.88,-0.16,0.0002759
2.63,-0.034,0.0003783
1.75,-0.036,0.0005071
7.83,-0.19,0.0003607
6.68,-0.16,0.0006761
1.31,-0.094,0.0004047
5.15,-0.031,0.0004432
5.87,-0.16,0.0003119
1.64,-0.023,0.0004446
4.8,-0.12,0.0005088
7.29,-0.19,0.0002743
5.05,-0.2,0.0007226
4.3,-0.19,0.0004268
3.22,-0.17,0.0004699
7.05,-0.035,0.0007419
6.2,-0.13,0.0006514
5.33,-0.16,0.0005055
1.19,-0.1,0.0005149
5.62,-0.095,0.0007337
1.27,-0.15,0.0006671
7.65,-0.12,0.0002954
6.01,-0.18,0.0005169
5.35,-0.1,0.0006222
4.4,-0.0031,0.0005135
3.94,-0.068,0.0006435
6.52,-0.016,0.0006909
3.63,-0.073,0.0006785
2.58,-0.18,0.0003025
1.34,-0.023,0.0006711
7.43,-0.14,0.0006844
7.61,-0.13,0.0003423
4.53,-0.08,0.0004338
2.67,-0.028,0.0007384
4.09,-0.19,0.0003576
7.24,-0.19,0.0006575
6.41,-0.03,0.0005866
4.59,-0.069,0.0003777
2.69,-0.041,0.0004823
1.43,-0.11,0.0006008
3.33,-0.0075,0.0006858
7.89,-0.027,0.0003754
7.79,-0.004,0.0007327
5.7,-0.065,0.0003548
4.47,-0.2,0.0004074
1.88,-0.095,0.0006801
2.32,-0.11,0.0003323
6.07,-0.04,0.0005795
3.5,-0.014,0.0002925
4.61,-0.07,0.0003406
1.27,-0.19,0.0004582
6.36,-0.12,0.0003573
2.11,-0.037,0.0006038
5.3,-0.095,0.0003566
1.6,-0.17,0.000379
5.5,-0.15,0.0007082
5.92,-0.14,0.0007185
4.29,-0.18,0.0005994
5.58,-0.076,0.0007323
3.23,-0.18,0.0005322
6.9,-0.046,0.0005968
7.39,-0.11,0.0006826
3.28,-0.033,0.0003597
3.65,-0.031,0.0004578
5.01,-0.082,0.0005951
6.84,-0.063,0.0004995
5.57,-0.071,0.0006029
6.91,-0.032,0.0004837
4.41,-0.075,0.0005836
2.31,-0.2,0.0005828
4.87,-0.14,0.0005428
2.64,-0.072,0.0003308
2.92,-0.16,0.0002663
5.49,-0.13,0.0007178
6.43,-0.13,0.0007109
6.47,-0.13,0.0002774
2.49,-0.038,0.0007303
2.66,-0.046,0.0005325
2.35,-0.19,0.000482
1.7,-0.15,0.0002564
5.54,-0.14,0.0004918
2.08,-0.17,0.0003122
3.29,-0.057,0.0007242
4.08,-0.029,0.000258
1.6,-0.18,0.0005978
6.87,-0.12,0.0006685
1.39,-0.095,0.000683
2.48,-0.14,0.0007098
7.4,-0.18,0.0006071
3.88,-0.054,0.0007075
7.11,-0.15,0.000736
2.92,-0.2,0.0004941
5.17,-0.12,0.0003059
5.43,-0.034,0.000624
2.8,-0.0077,0.0002816
2.14,-0.14,0.0004797
5.78,-0.12,0.0003012
2.63,-0.06,0.0003872
5.24,-0.023,0.0005621
7.2,-0.064,0.0005751
2.33,-0.047,0.0004936
3.3,-0.14,0.0003181
4.58,-0.069,0.0003595
1.65,-0.17,0.0005288
7.13,-0.057,0.000539
1.6,-0.1,0.0007436
6.55,-0.16,0.0007148
1.75,-0.09,0.0006494
2.2,-0.06,0.0003342
3.89,-0.064,0.0002588
4.5,-0.16,0.0003902
2.21,-0.07,0.0005919
2.97,-0.069,0.0004616
5.93,-0.063,0.0007033
1.21,-0.1,0.0004423
3.27,-0.1,0.0005608
2.89,-0.085,0.0007216
5.81,-0.057,0.0005751
5.03,-0.2,0.0005141
5.0,-0.092,0.0006193
6.74,-0.032,0.0005717
4.49,-0.2,0.0007461
1.14,-0.11,0.0005774
4.92,-0.09,0.0005171
2.99,-0.0057,0.0006784
1.89,-0.15,0.0005319
2.51,-0.071,0.0004115
4.94,-0.035,0.0004895
5.62,-0.089,0.0005505
2.84,-0.094,0.0004553
6.37,-0.13,0.0005834
6.75,-0.038,0.0004462
2.82,-0.13,0.000434
2.76,-0.043,0.0005536
4.67,-0.07,0.0006048
5.78,-0.061,0.0006355
4.86,-0.13,0.0005484
7.05,-0.026,0.0007045
1.1,-0.12,0.0002798
6.06,-0.12,0.0003246
6.66,-0.059,0.0002629
2.14,-0.057,0.0005525
7.44,-0.16,0.0007278
5.27,-0.042,0.0006557
7.66,-0.051,0.0004766
6.99,-0.094,0.0004614
5.42,-0.12,0.0005347
1.39,-0.0054,0.0004741
5.12,-0.15,0.0004687
4.05,-0.038,0.0005891
2.41,-0.062,0.0002934
1.11,-0.02,0.0002726
6.01,-0.1,0.000537
5.23,-0.14,0.0005127
5.11,-0.19,0.0006937
7.29,-0.0066,0.0003949
2.0,-0.072,0.0003641
6.06,-0.11,0.0004067
7.95,-0.1,0.0003742
5.06,-0.12,0.0004012
3.7,-0.026,0.000363
7.78,-0.034,0.0006414
3.05,-0.15,0.0004031
5.1,-0.18,0.0004942
7.8,-0.061,0.0003361
1.22,-0.14,0.0003403
7.38,-0.17,0.0005451
3.46,-0.052,0.0005928
5.69,-0.079,0.0002988
4.22,-0.07,0.0004474
1.5,-0.035,0.0004078
7.67,-0.064,0.0005731
2.09,-0.14,0.0006433
4.87,-0.18,0.0006105
2.17,-0.099,0.0007428
1.35,-0.13,0.0006446
4.9,-0.13,0.0006981
7.56,-0.17,0.0005041
6.99,-0.014,0.000607
6.86,-0.014,0.0007405
6.04,-0.11,0.000625
3.06,-0.018,0.000366
6.4,-0.17,0.0005841
5.52,-0.068,0.0004836
1.96,-0.059,0.0003482
6.03,-0.063,0.0005941
7.77,-0.13,0.0004689
2.16,-0.11,0.0004081
3.65,-0.083,0.0006796
3.93,-0.049,0.000308
2.44,-0.055,0.0007457
7.92,-0.13,0.0006689
3.42,-0.13,0.0003074
1.47,-0.089,0.0004124
6.06,-0.067,0.0003883
2.01,-0.037,0.0002505
7.35,-0.18,0.0005953
6.12,-0.17,0.0003865
1.04,-0.082,0.0006849
2.68,-0.15,0.0004031
2.86,-0.18,0.0005377
5.37,-0.0029,0.0006259
2.19,-0.18,0.0007099
5.51,-0.076,0.0006667
3.91,-0.053,0.0005773
6.33,-0.16,0.0003552
4.27,-0.048,0.0005736
4.72,-0.13,0.0007398
4.15,-0.052,0.0007017
3.36,-0.02,0.0006482
7.24,-0.064,0.0003374
7.84,-0.13,0.0006435
3.35,-0.17,0.0005276
5.61,-0.14,0.0006709
6.09,-0.12,0.0002901
6.41,-0.18,0.0007218
4.08,-0.091,0.0005421
5.68,-0.17,0.0007299
7.29,-0.06,0.000647
7.56,-0.13,0.0005856
4.96,-0.17,0.0004437
1.27,-0.017,0.0002881
3.34,-0.01,0.0006223
7.86,-0.037,0.0005793
3.77,-0.02,0.0004737
1.87,-0.13,0.0003118
1.22,-0.15,0.0002812
4.51,-0.11,0.0006134
4.25,-0.19,0.000677
4.82,-0.2,0.0005347
3.58,-0.1,0.0002976
3.22,-0.1,0.0004453
3.69,-0.025,0.0003383
6.31,-0.13,0.0004711
3.15,-0.041,0.0005962
2.26,-0.16,0.0007415
5.86,-0.076,0.0002726
3.67,-0.03,0.0007375
1.52,-0.03,0.0004879
6.82,-0.17,0.0005791
2.71,-0.029,0.0006614
2.9,-0.0061,0.0006
7.6,-0.1,0.0006663
7.29,-0.13,0.000436
4.55,-0.068,0.0005122
3.39,-0.18,0.000558
3.86,-0.14,0.0004383
4.33,-0.009,0.0006661
3.64,-0.13,0.0003939
5.98,-0.18,0.0006867
1.21,-0.14,0.0003328
4.6,-0.1,0.0007485
5.81,-0.059,0.0004879
1.11,-0.15,0.0004454
5.21,-0.049,0.0007108
6.67,-0.15,0.0007211
7.96,-0.064,0.0005483
1.74,-0.043,0.0007089
7.01,-0.19,0.0007428
2.87,-0.11,0.000676
2.99,-0.18,0.0005622
5.7,-0.16,0.0005769
4.34,-0.028,0.0004921
3.83,-0.17,0.000398
3.86,-0.15,0.0006611
3.78,-0.14,0.0005572
5.07,-0.018,0.0006469
6.62,-0.091,0.0007076
4.94,-0.055,0.0003379
1.85,-0.17,0.0007151
3.13,-0.2,0.0006571
6.2,-0.084,0.0005831
7.04,-0.15,0.0004612
1.3,-0.098,0.0006611
2.26,-0.079,0.0003286
5.84,-0.051,0.0005147
3.36,-0.033,0.0005053
3.35,-0.12,0.0006547
1.14,-0.12,0.0002543
1.48,-0.18,0.0007052
6.8,-0.013,0.0002983
6.89,-0.036,0.0002631
1.31,-0.033,0.0005708
2.63,-0.066,0.0006319
2.23,-0.055,0.0007102
7.75,-0.12,0.0003712
6.21,-0.18,0.0006135
3.51,-0.026,0.0003538
5.68,-0.067,0.0005036
6.39,-0.11,0.0006601
6.07,-0.016,0.0003677
3.25,-0.16,0.0004155
3.87,-0.11,0.0004429
7.96,-0.085,0.0002757
6.16,-0.1,0.0005009
5.02,-0.17,0.0007074
5.32,-0.11,0.0004376
1.16,-0.046,0.0006562
3.39,-0.012,0.0003032
3.62,-0.037,0.0005271
3.05,-0.18,0.0003197
2.27,-0.078,0.0006094
1.52,-0.093,0.0006665
5.59,-0.16,0.0002566
2.64,-0.082,0.0007378
5.75,-0.2,0.0004083
3.84,-0.1,0.0007376
7.31,-0.075,0.0005913
7.96,-0.077,0.0003223
4.27,-0.0058,0.0007104
5.31,-0.19,0.0007007
4.28,-0.11,0.000361
5.59,-0.12,0.000595
1.97,-0.13,0.0006289
1.81,-0.18,0.0003369
7.68,-0.15,0.0002981
7.39,-0.055,0.0003314
2.9,-0.049,0.0006632
1.11,-0.12,0.0004933
5.34,-0.038,0.0003539
5.51,-0.19,0.0005093
4.64,-0.16,0.0002794
5.02,-0.099,0.0002686
7.16,-0.053,0.000564
6.35,-0.05,0.0003414
6.77,-0.088,0.0003613
3.08,-0.093,0.0003269
6.82,-0.2,0.0003952
6.54,-0.12,0.0006989
4.68,-0.15,0.0006337
7.78,-0.1,0.0005041
4.14,-0.17,0.0005671
4.4,-0.14,0.0004427
4.72,-0.16,0.0004653
1.25,-0.093,0.0006518
3.42,-0.16,0.000733
3.39,-0.14,0.0003125
1.76,-0.095,0.0004217
6.78,-0.11,0.000742
7.47,-0.12,0.0003231
5.34,-0.16,0.000442
7.49,-0.19,0.0006255
2.02,-0.087,0.0004529
7.86,-0.17,0.0003118
2.08,-0.091,0.0004375
4.92,-0.12,0.0006327
7.28,-0.016,0.000495
3.76,-0.16,0.0004593
2.06,-0.15,0.0006325
3.26,-0.13,0.0006937
7.14,-0.058,0.0002935
6.46,-0.17,0.0005367
1.21,-0.019,0.0002745
7.74,-0.07,0.0002901
6.54,-0.18,0.0005867
1.67,-0.19,0.0004349
5.47,-0.12,0.0004051
7.09,-0.04,0.0003986
3.06,-0.034,0.0006551
3.63,-0.16,0.0003234
2.32,-0.095,0.000737
2.63,-0.1,0.0004817
3.14,-0.17,0.0004296
5.99,-0.087,0.0003444
6.4,-0.14,0.0004965
3.9,-0.061,0.0004037
3.09,-0.2,0.0003885
5.81,-0.096,0.0007236
6.19,-0.11,0.0005773
1.79,-0.036,0.0005588
5.22,-0.18,0.0002535
4.0,-0.014,0.0005605
4.38,-0.0086,0.0007284
5.14,-0.19,0.0004938
7.99,-0.0027,0.0004463
3.79,-0.055,0.0005265
4.63,-0.16,0.0002914
1.48,-0.2,0.0005564
4.0,-0.14,0.0005741
5.09,-0.022,0.0003317
7.64,-0.043,0.0005559
5.85,-0.15,0.0004993
2.5,-0.17,0.0007407
6.65,-0.095,0.0004684
2.35,-0.077,0.0004253
5.8,-0.06,0.0003592
6.12,-0.004,0.0002537
4.03,-0.13,0.0004631
5.83,-0.14,0.0004592
6.78,-0.14,0.0006788
7.43,-0.032,0.0007438
3.39,-0.032,0.0006593
4.46,-0.13,0.0006076
4.8,-0.048,0.0003371
5.32,-0.18,0.0006665
6.31,-0.17,0.0003636
5.67,-0.019,0.0003041
4.3,-0.16,0.0004206
3.22,-0.0085,0.0002939
3.51,-0.06,0.0004533
3.73,-0.0038,0.0002551
4.4,-0.12,0.0004127
2.46,-0.018,0.0006305
1.67,-0.15,0.0004849
4.09,-0.07,0.0005641
6.97,-0.011,0.0004919
1.64,-0.0097,0.0005591
4.19,-0.16,0.0007134
1.03,-0.15,0.0004339
6.6,-0.19,0.0003626
4.98,-0.02,0.0002855
7.76,-0.042,0.0007268
3.72,-0.11,0.0006529
5.68,-0.04,0.0004592
2.03,-0.093,0.0005367
7.75,-0.063,0.0005045
4.82,-0.052,0.0002979
5.62,-0.15,0.000361
7.95,-0.092,0.0005299
6.6,-0.18,0.0004982
2.99,-0.056,0.0005858
1.98,-0.13,0.0003772
5.07,-0.012,0.0005977
6.19,-0.13,0.0006623
3.23,-0.037,0.0006649
2.24,-0.11,0.0003497
6.35,-0.032,0.0007019
3.0,-0.043,0.0007341
5.41,-0.014,0.0005943
6.97,-0.064,0.0005414
7.18,-0.13,0.0004185
2.43,-0.048,0.0006695
6.92,-0.085,0.0004298
4.81,-0.04,0.0005913
6.07,-0.13,0.0007276
2.42,-0.12,0.0003082
4.43,-0.16,0.0005569
5.01,-0.18,0.0006778
4.99,-0.036,0.0005624
6.71,-0.12,0.000606
2.73,-0.077,0.0005398
7.78,-0.17,0.0004861
4.26,-0.16,0.0006124
3.05,-0.18,0.0005523
6.97,-0.033,0.000572
4.92,-0.18,0.0007127
5.39,-0.077,0.0005161
6.66,-0.16,0.0004556
5.5,-0.19,0.0006793
7.44,-0.15,0.0002759
5.78,-0.16,0.0005329
2.45,-0.05,0.0006045
6.47,-0.024,0.0003215
7.24,-0.18,0.0005724
5.79,-0.045,0.0003961
1.28,-0.18,0.0005134
1.99,-0.084,0.0006151
2.02,-0.11,0.000361
6.14,-0.13,0.000261
4.86,-0.14,0.0004845
6.94,-0.06,0.0003154
6.54,-0.13,0.0002634
7.58,-0.017,0.0007228
2.84,-0.081,0.0006277
5.45,-0.11,0.0005091
1.11,-0.05,0.0004387
1.9,-0.16,0.0004137
2.19,-0.0039,0.0004144
1.01,-0.15,0.0004604
4.38,-0.043,0.0006281
1.49,-0.025,0.0004671
5.3,-0.018,0.0007089
7.23,-0.14,0.000515
3.33,-0.12,0.0007126
7.47,-0.11,0.0007232
1.07,-0.057,0.0004256
1.8,-0.19,0.0005195
6.71,-0.11,0.00041
7.73,-0.098,0.0002709
4.03,-0.19,0.0007079
4.93,-0.069,0.0005069
5.32,-0.14,0.0006255
5.34,-0.028,0.0004539
7.19,-0.12,0.0004055
4.61,-0.17,0.0003457
4.29,-0.15,0.0002963
6.05,-0.072,0.0003121
3.57,-0.0033,0.000255
3.4,-0.11,0.0004692
2.51,-0.062,0.0004632
1.92,-0.18,0.0004748
1.55,-0.054,0.0004075
6.22,-0.09,0.0003953
2.07,-0.19,0.0004859
3.35,-0.13,0.0004406
6.04,-0.16,0.0004279
3.66,-0.0092,0.0005814
1.63,-0.063,0.0006861
3.41,-0.12,0.000282
6.47,-0.17,0.0004656
7.34,-0.059,0.0005661
7.04,-0.082,0.0006758
7.47,-0.15,0.000418
4.99,-0.083,0.0004234
6.79,-0.028,0.0006501
3.74,-0.12,0.0004073
5.53,-0.026,0.0007144
6.54,-0.0063,0.0003709
6.82,-0.18,0.0003744
7.67,-0.038,0.0003738
4.95,-0.11,0.0003074
2.2,-0.15,0.0002994
4.08,-0.032,0.0006311
7.57,-0.012,0.0007311
7.24,-0.0028,0.0004018
5.03,-0.19,0.0006978
1.18,-0.031,0.0006941
2.3,-0.16,0.000516
1.47,-0.15,0.0004927
3.59,-0.039,0.0003522
1.41,-0.017,0.00063
4.56,-0.11,0.0004664
6.46,-0.049,0.0006799
1.14,-0.032,0.0003612
3.83,-0.11,0.0005975
2.0,-0.16,0.0002543
7.35,-0.00059,0.0004567
2.38,-0.14,0.0004325
5.73,-0.2,0.0004023
7.14,-0.2,0.0005714
6.62,-0.017,0.0004613
5.0,-0.16,0.0002985
1.56,-0.0099,0.000437
4.19,-0.2,0.0005718
3.44,-0.19,0.0003879
1.1,-0.043,0.0003804
5.15,-0.08,0.0005737
1.11,-0.065,0.0006329
7.88,-0.16,0.0002765
6.66,-0.089,0.0005387
4.14,-0.068,0.0004372
4.5,-0.14,0.0002757
5.1,-0.16,0.0002674
2.08,-0.082,0.0005251
5.99,-0.16,0.0003133
3.58,-0.02,0.0003887
4.65,-0.11,0.0007079
3.24,-0.035,0.0004038
1.4,-0.018,0.0004038
7.65,-0.15,0.000502
1.46,-0.042,0.000394
4.99,-0.074,0.0005317
5.84,-0.02,0.0006005
6.11,-0.19,0.0004566
6.07,-0.16,0.0007456
7.66,-0.14,0.0002506
2.69,-0.14,0.0004928
6.87,-0.037,0.0006765
7.14,-0.097,0.0004762
7.47,-0.16,0.0005897
7.18,-0.11,0.0002921
3.27,-0.16,0.0003814
4.27,-0.069,0.000375
7.39,-0.0021,0.0005469
6.41,-0.12,0.0005308
3.93,-0.037,0.0004316
5.42,-0.19,0.000732
7.41,-0.14,0.0004308
5.99,-0.05,0.0006235
3.14,-0.18,0.000331
6.01,-0.11,0.0006578
6.87,-0.021,0.0004455
1.55,-0.093,0.0003512
5.02,-0.091,0.0003542
4.8,-0.16,0.000452
2.48,-0.099,0.0004
5.47,-0.093,0.0005882
7.83,-0.16,0.0005598
6.38,-0.13,0.0003067
3.51,-0.011,0.0005544
5.62,-0.11,0.0003336
4.36,-0.18,0.0003746
5.25,-0.14,0.0004462
3.06,-0.083,0.0006413
2.75,-0.12,0.0004921
3.15,-0.081,0.0006464
7.5,-0.18,0.0003571
2.83,-0.17,0.0006507
6.76,-0.15,0.0003068
4.38,-0.038,0.0006435
3.32,-0.097,0.0003823
4.03,-0.05,0.0003455
6.2,-0.12,0.0004814
3.7,-0.015,0.000683
4.24,-0.1,0.0002912
4.85,-0.12,0.0003644
2.71,-0.19,0.0004111
1.29,-0.13,0.0005597
4.55,-0.033,0.0005913
7.94,-0.18,0.0003212
3.2,-0.14,0.0006509
1.28,-0.13,0.0002723
1.05,-0.1,0.0006757
7.59,-0.15,0.0006835
5.83,-0.029,0.0005786
6.11,-0.016,0.0004927
6.35,-0.039,0.0004086
3.67,-0.036,0.0004139
6.52,-0.06,0.0005146
3.2,-0.093,0.0003981
4.55,-0.11,0.0003325
7.72,-0.19,0.0003997
1.45,-0.011,0.0005489
5.92,-0.096,0.0004534
2.96,-0.04,0.0004351
6.41,-0.041,0.0004324
1.69,-0.14,0.0003214
4.9,-0.084,0.0006927
2.62,-0.093,0.0006717
6.34,-0.099,0.0006402
1.18,-0.19,0.0006784
2.88,-0.088,0.0006872
7.88,-0.11,0.0003856
6.57,-0.017,0.0005672
7.74,-0.12,0.0005963
6.06,-0.16,0.000392
6.74,-0.2,0.0006007
1.89,-0.033,0.0007392
5.5,-0.14,0.0003361
5.85,-0.13,0.0005072
5.45,-0.15,0.0005595
7.26,-0.1,0.0007135
2.71,-0.016,0.0007275
2.89,-0.063,0.0006928
1.13,-0.16,0.0004535
4.91,-0.18,0.0005295
4.48,-0.19,0.0002748
5.81,-0.12,0.0003963
1.83,-0.14,0.0003664
6.53,-0.041,0.0003339
4.52,-0.078,0.0004119
2.1,-0.029,0.0004161
3.42,-0.065,0.0003323
6.69,-0.18,0.0006901
3.42,-0.19,0.0006578
2.12,-0.062,0.000384
3.66,-0.2,0.0003825
2.32,-0.19,0.0006152
1.16,-2.1e-05,0.000389
1.91,-0.18,0.0006695
3.5,-0.18,0.0006429
1.28,-0.086,0.0007283
7.15,-0.14,0.000685
2.93,-0.15,0.0007128
6.07,-0.085,0.0003135
4.26,-0.093,0.0003754
2.09,-0.09,0.0005635
4.36,-0.18,0.0006685
3.9,-0.078,0.0005027
1.24,-0.077,0.0004482
7.43,-0.047,0.0003017
1.04,-0.084,0.0006475
3.13,-0.0073,0.0003797
2.74,-0.099,0.0003993
5.99,-0.18,0.0003451
1.12,-0.15,0.0002501
1.33,-0.11,0.0007344
2.17,-0.18,0.0004001
1.84,-0.16,0.000702
6.0,-0.17,0.0005389
2.65,-0.087,0.0005018
4.23,-0.14,0.0005228
1.52,-0.039,0.00073
7.1,-0.046,0.000729
6.89,-0.08,0.0006787
6.19,-0.08,0.00051
5.46,-0.058,0.0003556
3.37,-0.15,0.0004178
5.77,-0.16,0.0005662
6.84,-0.14,0.0006204
1.98,-0.012,0.0004718
6.26,-0.032,0.0006695
2.23,-0.17,0.0006549
7.85,-0.013,0.0003377
5.48,-0.063,0.0004335
5.47,-0.058,0.0006393
1.73,-0.018,0.0002792
2.53,-0.18,0.0007328
2.4,-0.046,0.0005378
7.11,-0.081,0.0005646
5.64,-0.052,0.0005016
3.18,-0.11,0.0005735
4.63,-0.025,0.0005659
1.71,-0.087,0.0007381
6.53,-0.087,0.0006267
6.62,-0.04,0.0006567
1.18,-0.097,0.0003357
6.94,-0.021,0.0002756
6.24,-0.14,0.0005847
6.9,-0.1,0.0006928
7.94,-0.028,0.0006371
4.41,-0.059,0.0006935
5.38,-0.16,0.0005568
5.92,-0.2,0.0004484
6.42,-0.17,0.0005387
1.46,-0.067,0.000484
7.97,-0.14,0.000664
5.0,-0.039,0.000509
6.09,-0.11,0.0004642
7.15,-0.072,0.0003305
1.16,-0.091,0.0003277
2.29,-0.11,0.0005689
3.2,-0.18,0.0005933
5.72,-0.13,0.0006119
6.96,-0.11,0.0002643
1.71,-0.17,0.0007384
4.86,-0.05,0.0003393
2.7,-0.12,0.0004281
1.13,-0.2,0.0003184
3.25,-0.12,0.0003868
1.87,-0.037,0.000479
3.53,-0.025,0.0006757
4.2,-0.15,0.000589
4.58,-0.094,0.0006673
5.2,-0.11,0.0004991
2.75,-0.14,0.0003649
4.43,-0.13,0.000621
6.45,-0.12,0.0004526
3.72,-0.01,0.0004949
3.37,-0.054,0.000301
6.15,-0.037,0.0006223
6.21,-0.12,0.0006012
7.93,-0.074,0.0007194
5.32,-0.025,0.0005751
2.8,-0.14,0.0004944
2.15,-0.024,0.0006209
5.97,-0.17,0.0003254
3.88,-0.17,0.0005598
6.59,-0.19,0.000343
7.73,-0.11,0.0006147
5.23,-0.09,0.0007099
6.79,-0.18,0.0006398
7.45,-0.1,0.0006094
7.3,-0.18,0.0004883
4.85,-0.084,0.0005173
1.94,-0.075,0.0003375
5.36,-0.021,0.0007168
6.99,-0.17,0.0004763
2.0,-0.12,0.0005917
7.31,-0.088,0.0005998
3.17,-0.0046,0.000518
3.31,-0.14,0.0006324
1.83,-0.14,0.0003296
7.68,-0.087,0.0006691
1.43,-0.13,0.0006953
6.5,-0.17,0.000606
6.15,-0.023,0.0003711
7.2,-0.14,0.0004009
4.18,-0.16,0.000734
6.54,-0.13,0.0004134
4.79,-0.19,0.000527
5.31,-0.059,0.0003335
6.58,-0.13,0.0002581
4.36,-0.09,0.0006462
7.52,-0.18,0.0005979
2.8,-0.012,0.0002726
7.02,-0.13,0.0003211
7.26,-0.18,0.0006198
3.06,-0.038,0.000586
7.23,-0.046,0.0005277
4.73,-0.087,0.0002926
3.25,-0.1,0.0005225
5.23,-0.12,0.0006261
5.74,-0.043,0.0002515
2.5,-0.18,0.0002572
7.15,-0.0011,0.0002543
7.18,-0.18,0.0003896
3.69,-0.064,0.0002865
6.04,-0.11,0.0003702
7.33,-0.079,0.0002545
6.95,-0.17,0.0004711
1.34,-0.0086,0.0005644
1.66,-0.13,0.0005376
3.71,-0.18,0.0006177
7.34,-0.11,0.000657
4.38,-0.037,0.0003192
4.84,-0.12,0.0005128
1.36,-0.05,0.0002765
3.11,-0.018,0.0004694
2.69,-0.072,0.0005601
7.92,-0.15,0.000731
4.16,-0.065,0.0006697
5.27,-0.061,0.0005797
3.31,-0.17,0.0007195
7.4,-0.15,0.0003483
6.01,-0.1,0.0007319
2.59,-0.032,0.0004567
5.62,-0.045,0.0006219
4.62,-0.0066,0.000446
5.54,-0.15,0.0006255
3.49,-0.07,0.0003354
5.36,-0.14,0.000649
4.86,-0.13,0.0002604
7.82,-0.12,0.0004865
2.2,-0.055,0.0003278
1.06,-0.15,0.0005582
3.07,-0.061,0.0003878
7.69,-0.053,0.0007166
1.15,-0.086,0.0007025
5.49,-0.14,0.0002835
4.17,-0.034,0.0004825
7.36,-0.026,0.0007172
3.18,-0.12,0.000668
7.46,-0.018,0.0003999
7.57,-0.02,0.0005235
6.12,-0.037,0.0002672
6.97,-0.07,0.0006049
6.97,-0.16,0.0002909
4.22,-0.18,0.0002666
1.37,-0.1,0.0005158
5.69,-0.15,0.0002767
4.48,-0.1,0.0005724
2.89,-0.071,0.0002768
3.95,-0.18,0.0002742
5.23,-0.12,0.000303
7.59,-0.038,0.0005199
5.01,-0.027,0.0005761
4.62,-0.1,0.0006245
2.03,-0.18,0.0007215
2.49,-0.042,0.0007001
3.04,-0.13,0.0003905
1.16,-0.19,0.0006397
1.41,-0.11,0.0007449
4.02,-0.074,0.0005772
1.61,-0.11,0.0005007
4.07,-0.067,0.0005712
3.11,-0.08,0.0003316
4.77,-0.029,0.0004165
5.46,-0.035,0.0003665
1.03,-0.14,0.0002658
1.33,-0.0038,0.0006733
3.61,-0.093,0.0006548
4.28,-0.14,0.00057
3.68,-0.096,0.0002883
5.17,-0.12,0.0002603
2.62,-0.18,0.0005747
7.25,-0.028,0.0006328
3.49,-0.089,0.0003125
4.75,-0.13,0.0003877
7.5,-0.12,0.0006461
3.31,-0.14,0.0007431
1.12,-0.15,0.0002513
4.82,-0.068,0.0007458
5.93,-0.0034,0.0006616
7.4,-0.14,0.0007413
2.21,-0.14,0.0004986
2.5,-0.0038,0.0007333
3.63,-0.094,0.0007125
1.89,-0.025,0.0005431
2.66,-0.13,0.000524
3.02,-0.059,0.0005837
7.05,-0.0044,0.0005533
5.36,-0.17,0.0006418
6.96,-0.098,0.0004935
3.35,-0.044,0.0004228
6.31,-0.17,0.0006215
3.06,-0.034,0.0002757
5.95,-0.12,0.0003215
3.27,-0.053,0.0007046
6.54,-0.057,0.000383
6.18,-0.087,0.0005558
1.54,-0.089,0.0007021
6.02,-0.16,0.0006518
3.52,-0.099,0.0005051
1.82,-0.12,0.0004539
1.23,-0.05,0.0006447
2.87,-0.11,0.0005937
1.03,-0.14,0.0007435
7.88,-0.1,0.0007311
2.51,-0.049,0.0006573
2.79,-0.18,0.0006295
2.76,-0.057,0.0003034
4.66,-0.021,0.0003755
6.76,-0.19,0.0007205
6.45,-0.0051,0.0006668
6.11,-0.061,0.0006756
3.25,-0.097,0.0006485
3.18,-0.15,0.0006398
1.32,-0.037,0.0004868
1.88,-0.12,0.0002584
2.47,-0.16,0.0003356
3.06,-0.054,0.0005995
2.45,-0.088,0.0006255
7.38,-0.12,0.0002504
7.43,-0.16,0.0005884
1.1,-0.044,0.0002681
5.43,-0.068,0.000256
7.4,-0.11,0.0005574
1.69,-0.084,0.0006638
4.5,-0.088,0.0004335
7.42,-0.17,0.0005181
5.53,-0.068,0.0006142
6.24,-0.17,0.0003933
7.27,-0.088,0.0006584
5.61,-0.11,0.0004059
1.01,-0.2,0.0004242
3.72,-0.07,0.0002552
3.0,-0.092,0.0003034
1.05,-0.04,0.0005785
1.71,-0.16,0.0002717
7.7,-0.18,0.000531
1.8,-0.02,0.0003796
5.45,-0.1,0.0006286
3.36,-0.046,0.0007254
7.06,-0.066,0.0003148
5.94,-0.18,0.0004967
4.36,-0.13,0.0004605
1.26,-0.12,0.0002528
5.81,-0.19,0.0007137
1.89,-0.085,0.0003195
6.03,-0.048,0.0005845
1.14,-0.037,0.0005023
5.14,-0.18,0.0007394
4.71,-0.13,0.0006435
5.01,-0.061,0.0007424
3.83,-0.15,0.0005338
3.93,-0.073,0.0003808
6.16,-0.017,0.0004771
2.95,-0.16,0.000251
2.76,-0.096,0.0005816
5.0,-0.19,0.0004727
6.81,-0.064,0.0007358
4.88,-0.12,0.0004055
6.94,-0.024,0.0006551
7.11,-0.044,0.0003599
3.26,-0.13,0.0004593
6.13,-0.17,0.0005755
4.68,-0.17,0.0004078
7.46,-0.065,0.0005717
3.36,-0.14,0.0003643
6.8,-0.093,0.0004585
5.09,-0.02,0.0007156
6.29,-0.0031,0.0006849
6.98,-0.088,0.0003424
6.57,-0.086,0.0004687
5.41,-0.17,0.0005239
2.78,-0.11,0.0004423
4.69,-0.13,0.0004379
5.82,-0.069,0.0004061
4.4,-0.13,0.000357
7.54,-0.12,0.0006562
5.86,-0.13,0.0003882
7.62,-0.16,0.0007499
5.89,-0.12,0.000493
4.97,-0.023,0.0006623
2.32,-0.055,0.0004272
6.03,-0.084,0.0007346
5.32,-0.079,0.0007132
4.15,-0.045,0.0006069
5.67,-0.11,0.0003058
1.64,-0.032,0.0005933
7.62,-0.1,0.0005842
1.51,-0.19,0.0003409
4.97,-0.11,0.0005893
7.84,-0.018,0.0004974
2.86,-0.1,0.0007008
5.45,-0.017,0.0007415
7.37,-0.17,0.0005311
6.92,-0.074,0.0006044
2.59,-0.089,0.0007454
2.97,-0.062,0.0003443
1.04,-0.024,0.0004669
3.04,-0.093,0.0007409
6.7,-0.076,0.0006464
1.47,-0.032,0.0005016
3.93,-0.021,0.0005775
5.54,-0.15,0.0006131
7.02,-0.16,0.0002503
5.85,-0.035,0.0007278
4.13,-0.13,0.0003153
2.04,-0.063,0.0002512
6.94,-0.12,0.000368
2.28,-0.042,0.0003716
3.92,-0.12,0.0003679
2.32,-0.035,0.0004035
6.54,-0.18,0.0003963
7.4,-0.13,0.0005526
5.17,-0.05,0.0007327
4.45,-0.16,0.0006802
3.18,-0.12,0.0007228
3.99,-0.14,0.0003132
7.29,-0.13,0.000416
6.4,-0.045,0.0007363
3.6,-0.076,0.0007053
5.71,-0.11,0.0004777
2.41,-0.12,0.0004459
7.34,-0.18,0.0007373
1.43,-0.086,0.000468
3.35,-0.0016,0.0005377
7.4,-0.061,0.0005029
1.52,-0.071,0.0006999
2.81,-0.031,0.0007364
4.62,-0.091,0.000529
1.7,-0.18,0.0005596
6.96,-0.15,0.0003494
2.91,-0.19,0.0003675
4.96,-0.073,0.0003843
1.8,-0.076,0.0003963
2.66,-0.014,0.0005879
5.16,-0.1,0.000539
5.06,-0.18,0.0003331
4.7,-0.00093,0.0002693
7.88,-0.12,0.000389
2.01,-0.017,0.0003957
3.43,-0.033,0.0004958
3.23,-0.17,0.0002542
5.03,-0.011,0.000567
6.34,-0.18,0.0005269
7.14,-0.19,0.0005106
7.05,-0.04,0.0003521
4.83,-0.072,0.0003385
3.88,-0.19,0.0004555
2.19,-0.13,0.0007225
3.26,-0.06,0.0004706
7.49,-0.023,0.0002569
4.81,-0.096,0.0002988
7.09,-0.09,0.0004246
1.39,-0.16,0.0006433
3.2,-0.058,0.0004168
5.94,-0.062,0.0007267
1.26,-0.085,0.0006016
2.54,-0.12,0.0004998
7.53,-0.12,0.0006409
2.2,-0.059,0.0007122
4.74,-0.2,0.0006276
3.17,-0.15,0.0002751
4.0,-0.083,0.0002713
4.69,-0.18,0.0007374
1.85,-0.14,0.0006737
5.26,-0.055,0.0005662
5.34,-0.062,0.0003581
6.12,-0.083,0.0005299
5.28,-0.16,0.0007311
4.65,-0.068,0.0007437
5.56,-0.081,0.0005773
6.37,-0.044,0.0006654
4.4,-0.03,0.000663
5.74,-0.0021,0.0003751
1.51,-0.098,0.0003321
1.98,-0.015,0.0005892
1.05,-0.1,0.0006872
3.37,-0.069,0.0006898
3.31,-0.031,0.0004986
6.97,-0.16,0.0003775
4.23,-0.049,0.0004162
1.35,-0.1,0.0004105
7.27,-0.14,0.000549
5.82,-0.17,0.000402
5.16,-0.0043,0.0003718
5.76,-0.077,0.0002549
2.8,-0.084,0.0002793
6.08,-0.19,0.0004895
7.27,-0.051,0.0006659
1.24,-0.11,0.0007344
3.71,-0.043,0.0004989
1.2,-0.06,0.0007109
5.19,-0.2,0.0004347
3.18,-0.091,0.0007043
5.03,-0.18,0.0007408
6.6,-0.16,0.0006239
2.75,-0.037,0.0005321
4.38,-0.12,0.0002559
4.12,-0.16,0.0003144
3.39,-0.16,0.0003348
3.4,-0.17,0.0005647
2.18,-0.18,0.0002535
6.86,-0.16,0.0003532
1.6,-0.048,0.0006934
6.63,-0.19,0.0003372
2.45,-0.082,0.0007492
7.57,-0.059,0.0007415
7.22,-0.18,0.0006602
7.23,-0.018,0.0002864
4.11,-0.025,0.0007454
3.02,-0.068,0.0007345
6.09,-0.025,0.000619
2.3,-0.12,0.0003865
7.51,-0.041,0.0002744
6.95,-0.18,0.0006548
3.57,-0.16,0.0005525
5.58,-0.17,0.0006905
5.36,-0.079,0.0003571
6.93,-0.12,0.0002622
7.55,-0.13,0.0003196
7.31,-0.051,0.000348
2.28,-0.059,0.0004455
4.2,-0.13,0.0005865
5.59,-0.044,0.0005305
7.02,-0.16,0.000503
5.82,-0.18,0.0004671
3.16,-0.18,0.0004497
5.83,-0.072,0.000399
6.81,-0.0046,0.0004875
3.3,-0.13,0.0005522
2.27,-0.073,0.0002506
6.42,-0.067,0.0005109
4.09,-0.066,0.0004666
6.73,-0.092,0.0007146
1.48,-0.067,0.0006836
3.16,-0.11,0.0004606
2.82,-0.055,0.0006626
4.36,-0.048,0.0003605
1.04,-0.17,0.0007007
6.59,-0.12,0.000499
7.06,-0.027,0.0003509
7.33,-0.14,0.0003559
5.31,-0.16,0.0002602
5.25,-0.075,0.000303
5.14,-0.18,0.0005086
7.91,-0.17,0.0003447
4.28,-0.02,0.0006018
6.25,-0.04,0.0005021
5.6,-0.025,0.0005181
5.27,-0.048,0.0002905
1.47,-0.026,0.0005843
3.17,-0.037,0.0003358
1.9,-0.041,0.0006284
2.81,-0.11,0.0006501
5.3,-0.031,0.0006705
3.96,-0.15,0.0003167
1.34,-0.15,0.0005611
6.17,-0.004,0.0004134
2.19,-0.19,0.0004354
4.94,-0.08,0.0003136
7.92,-0.11,0.0003708
7.8,-0.0091,0.0003309
6.68,-0.032,0.0003522
4.32,-0.041,0.0007401
7.94,-0.088,0.0007403
4.17,-0.13,0.0002549
6.98,-0.16,0.0004467
5.76,-0.017,0.0005169
7.33,-0.13,0.0003226
5.23,-0.11,0.0004079
5.83,-0.13,0.0003989
2.38,-0.1,0.0006157
2.86,-0.036,0.0006495
7.96,-0.12,0.000279
5.15,-0.17,0.0007085
6.93,-0.05,0.0002764
6.47,-0.14,0.0004007
1.48,-0.0099,0.000427
3.39,-0.17,0.0004506
4.58,-0.0061,0.0002976
6.01,-0.083,0.0003731
7.19,-0.11,0.0002928
1.48,-0.035,0.0005745
4.52,-0.075,0.0005686
7.62,-0.18,0.0005772
3.39,-0.06,0.0007216
1.52,-0.11,0.0002877
3.09,-0.18,0.0004845
5.5,-0.2,0.0004204
2.73,-0.15,0.0003199
6.56,-0.056,0.0006791
4.12,-0.13,0.0007476
2.31,-0.025,0.0006775
5.71,-0.18,0.0002938
5.03,-0.06,0.0005997
6.61,-0.085,0.0006981
5.61,-0.15,0.0005034
2.14,-0.18,0.0006647
2.55,-0.13,0.000258
7.1,-0.14,0.0006349
5.64,-0.0068,0.0004591
2.68,-0.084,0.000409
7.14,-0.048,0.0006609
3.52,-0.072,0.0005321
7.92,-0.19,0.0004802
2.48,-0.19,0.0005398
2.46,-0.035,0.0005759
2.28,-0.097,0.0003655
7.34,-0.18,0.0005796
4.89,-0.13,0.0006766
1.72,-0.17,0.0005551
3.95,-0.18,0.0006353
4.58,-0.095,0.0006036
1.78,-0.2,0.0007237
2.71,-0.035,0.0007203
7.26,-0.14,0.0005621
6.66,-0.045,0.0005589
4.0,-0.066,0.0005119
6.62,-0.1,0.000559
4.09,-0.2,0.0005531
4.74,-0.081,0.0003963
1.55,-0.17,0.0003492
6.58,-0.11,0.0004083
7.38,-0.17,0.0006703
7.29,-0.2,0.0004848
6.22,-0.14,0.0003158
5.9,-0.14,0.0005164
2.52,-0.075,0.0004
2.32,-0.069,0.0006342
1.97,-0.14,0.0006201
6.64,-0.17,0.0003835
6.05,-0.18,0.0005721
2.41,-0.18,0.0007032
2.22,-0.17,0.0003647
4.52,-0.19,0.0005559
5.0,-0.12,0.000461
5.36,-0.087,0.0006103
5.92,-0.1,0.0006508
2.87,-0.089,0.0007214
2.72,-0.08,0.0007478
4.09,-0.15,0.0005884
6.63,-0.011,0.0004625
4.28,-0.19,0.000733
5.16,-0.023,0.0004013
6.02,-0.19,0.0003765
5.63,-0.06,0.0007153
5.34,-0.013,0.0005916
7.77,-0.14,0.0005268
3.87,-0.0003,0.0005241
5.17,-0.11,0.0004708
3.23,-0.024,0.0005011
3.08,-0.2,0.0005585
1.21,-0.15,0.0005719
7.7,-0.066,0.0005812
1.76,-0.074,0.0004458
5.52,-0.16,0.0002518
4.2,-0.14,0.0006266
7.66,-0.11,0.0007373
1.31,-0.11,0.0004071
3.48,-0.13,0.0003329
7.4,-0.041,0.0003019
3.62,-0.13,0.000687
6.83,-0.019,0.0004164
1.44,-0.042,0.0005699
3.29,-0.13,0.0003616
6.18,-0.17,0.0004379
1.14,-0.12,0.0004236
5.73,-0.18,0.0006646
5.57,-0.15,0.0006986
4.31,-0.13,0.0004938
4.95,-0.076,0.0003386
4.28,-0.19,0.0007074
5.06,-0.17,0.000742
1.64,-0.14,0.0006407
1.06,-0.14,0.0004904
6.93,-0.14,0.0005439
2.83,-0.074,0.000276
7.85,-0.022,0.0006206
5.92,-0.069,0.0003235
3.02,-0.022,0.0006885
3.74,-0.14,0.0003208
5.86,-0.19,0.0007334
5.49,-0.0056,0.0006682
5.15,-0.04,0.0007162
3.67,-0.13,0.0006523
6.44,-0.013,0.0005806
4.17,-0.13,0.0004622
3.01,-0.034,0.0003535
4.65,-0.048,0.0003792
5.02,-0.053,0.0005141
3.57,-0.1,0.0006655
3.21,-0.061,0.0004321
3.48,-0.069,0.0004306
1.9,-0.12,0.000589
4.11,-0.19,0.0002811
1.98,-0.086,0.0004252
1.05,-0.15,0.0006557
7.98,-0.088,0.0006326
4.47,-0.065,0.0003352
3.43,-0.14,0.0004207
6.33,-0.12,0.0006805
7.11,-0.12,0.0007198
6.05,-0.2,0.0004387
3.81,-0.12,0.0003164
5.57,-0.2,0.0003149
5.95,-0.11,0.0005391
7.45,-0.17,0.0007368
5.82,-0.064,0.0006868
7.72,-0.013,0.000499
5.68,-0.19,0.0006142
4.8,-0.2,0.0002767
2.9,-0.13,0.0003767
2.44,-0.043,0.0007104
3.18,-0.093,0.000307
6.23,-0.047,0.0002589
7.63,-0.11,0.0004735
1.95,-0.13,0.0004627
2.31,-0.15,0.0006921
5.23,-0.13,0.0005017
4.21,-0.19,0.0007422
7.21,-0.057,0.0003881
3.67,-0.12,0.0004881
4.44,-0.015,0.0005664
5.8,-0.089,0.0002583
2.75,-0.03,0.0007348
6.06,-0.18,0.0005017
4.86,-0.14,0.0007068
3.73,-0.15,0.0003455
1.71,-0.2,0.0007102
6.95,-0.16,0.0003911
7.15,-0.17,0.0005118
7.16,-0.13,0.0003494
6.37,-0.064,0.0004111
5.49,-0.13,0.0006375
2.42,-0.16,0.000638
3.6,-0.0038,0.0002907
4.38,-0.095,0.0003042
5.1,-0.021,0.0003214
3.28,-0.041,0.0002711
7.38,-0.12,0.0003859
6.49,-0.13,0.0005974
6.23,-0.2,0.0003203
7.3,-0.12,0.0006791
5.22,-0.12,0.000271
6.12,-0.094,0.0005591
1.18,-0.0079,0.0005819
6.5,-0.032,0.0003273
1.08,-0.15,0.0006354
6.37,-0.15,0.0004609
3.72,-0.19,0.0003586
4.95,-0.13,0.0005252
3.08,-0.037,0.0004931
2.59,-0.14,0.0004782
3.13,-0.077,0.0005407
1.45,-0.12,0.000581
6.67,-0.015,0.0003284
5.89,-0.11,0.0005123
3.56,-0.13,0.0006854
6.6,-0.16,0.0006489
5.86,-0.12,0.0002968
3.62,-0.19,0.0005849
7.24,-0.18,0.0004091
6.42,-0.13,0.0004992
1.83,-0.12,0.0002674
7.67,-0.1,0.0006743
2.94,-0.1,0.0005492
3.68,-0.044,0.0004071
6.08,-0.012,0.0002531
6.65,-0.14,0.0006441
4.27,-0.17,0.0002848
3.27,-0.16,0.0005527
1.19,-0.17,0.0004435
3.11,-0.074,0.000285
3.86,-0.059,0.0004234
4.19,-0.0034,0.0005316
6.74,-0.043,0.0002549
6.71,-0.085,0.0007112
4.82,-0.18,0.0002754
4.69,-0.17,0.000381
7.39,-0.081,0.0005467
3.81,-0.19,0.0005678
7.09,-0.017,0.0002583
1.71,-0.12,0.0005893
7.87,-0.083,0.000707
7.56,-0.031,0.0006733
7.97,-0.14,0.0003087
7.87,-0.2,0.000511
3.97,-0.15,0.0003992
1.93,-0.0079,0.0004515
4.71,-0.041,0.0005316
1.36,-0.035,0.0004247
5.38,-0.16,0.0006074
3.05,-0.044,0.0007428
5.49,-0.14,0.0004578
7.67,-0.053,0.0005941
6.52,-0.18,0.0004157
1.97,-0.2,0.000628
5.34,-0.13,0.0004864
5.24,-0.19,0.0006639
4.85,-0.16,0.0002832
2.02,-0.18,0.0003192
1.27,-0.082,0.000424
1.84,-0.0084,0.0003788
1.61,-0.0081,0.0005587
7.93,-0.094,0.0005653
1.45,-0.15,0.0003978
1.43,-0.029,0.0002799
2.13,-0.17,0.000514
1.24,-0.15,0.0003197
3.44,-0.076,0.0005762
1.09,-0.1,0.0003574
2.48,-0.1,0.0003262
6.74,-0.17,0.0004637
1.05,-0.085,0.0004794
7.33,-0.11,0.0003633
1.76,-0.11,0.0006263
7.43,-0.013,0.0006586
2.1,-0.024,0.0006276
7.55,-0.12,0.0005733
7.14,-0.016,0.0004417
5.0,-0.16,0.0003269
1.32,-0.15,0.0003427
5.57,-0.17,0.0002525
2.15,-0.068,0.0005363
7.34,-0.19,0.0003773
4.02,-0.15,0.0004143
7.56,-0.12,0.0006225
7.57,-0.075,0.0002736
4.94,-0.01,0.000346
1.81,-0.16,0.0004333
4.69,-0.091,0.0003893
3.82,-0.19,0.000479
1.09,-0.17,0.0005023
3.87,-0.023,0.000393
3.38,-0.0028,0.0007398
6.86,-0.1,0.0006498
4.15,-0.07,0.000627
4.59,-0.18,0.0006107
7.11,-0.15,0.0004591
7.34,-0.12,0.0007195
2.13,-0.041,0.0003693
5.93,-0.057,0.0006369
3.52,-0.051,0.0002512
1.45,-0.16,0.0005486
3.92,-0.0088,0.0004605
7.05,-0.094,0.0005182
3.7,-0.045,0.0005473
1.08,-0.089,0.0006388
1.48,-0.057,0.0003183
1.8,-0.05,0.0006942
4.3,-0.038,0.0003249
2.57,-0.18,0.000586
1.18,-0.07,0.0005157
6.05,-0.099,0.0002632
3.79,-0.14,0.0003054
3.39,-0.057,0.0006023
6.87,-0.19,0.0005491
1.9,-0.091,0.0006549
4.91,-0.0083,0.000653
6.35,-0.096,0.0004063
7.0,-0.078,0.0005583
3.25,-0.15,0.0006548
3.68,-0.082,0.000577
5.45,-0.1,0.0004461
3.29,-0.14,0.0002646
5.72,-0.15,0.0005549
7.86,-0.017,0.0003002
5.88,-0.1,0.0005321
7.88,-0.092,0.0006478
6.32,-0.17,0.0007268
3.19,-0.062,0.0007408
6.27,-0.079,0.0004299
5.9,-0.18,0.0003726
2.44,-0.085,0.000292
4.16,-0.12,0.0005886
3.06,-0.19,0.000412
4.98,-0.045,0.0005861
1.34,-0.029,0.0007408
4.76,-0.046,0.0003473
3.17,-0.043,0.0003411
3.24,-0.15,0.0006469
5.99,-0.026,0.0005229
1.07,-0.0028,0.000357
3.74,-0.14,0.0002776
2.01,-0.023,0.0007154
2.16,-0.15,0.0006611
6.65,-0.17,0.000439
3.94,-0.14,0.0003604
3.76,-0.1,0.000735
3.62,-0.05,0.0004725
3.97,-0.00078,0.0003885
7.42,-0.034,0.0003361
1.11,-0.1,0.0005404
2.8,-0.0043,0.0007206
5.4,-0.016,0.0005085
2.41,-0.14,0.0006979
7.96,-0.087,0.0005326
3.47,-0.18,0.0004726
2.11,-0.11,0.0004328
5.49,-0.14,0.0005979
5.46,-0.19,0.0003448
7.91,-0.11,0.0003002
5.86,-0.13,0.0002561
6.27,-0.023,0.000744
2.1,-0.18,0.000406
1.26,-0.06,0.0006079
6.73,-0.12,0.0006601
4.9,-0.012,0.0003707
6.36,-0.15,0.0002993
3.4,-0.022,0.0004681
6.08,-0.09,0.0006585
6.71,-0.18,0.0005585
1.49,-0.11,0.0005197
5.2,-0.17,0.0006694
3.76,-0.052,0.0003932
2.47,-0.025,0.0006771
7.94,-0.14,0.0006638
2.39,-0.19,0.0002992
7.98,-0.15,0.0004217
5.96,-0.2,0.0003049
7.26,-0.049,0.0002955
7.75,-0.059,0.0003985
5.48,-0.069,0.000254
1.6,-0.031,0.0003108
6.67,-0.073,0.0007031
2.47,-0.063,0.0003308
3.08,-0.18,0.0003873
2.86,-0.083,0.0004707
7.71,-0.07,0.0003088
5.98,-0.069,0.000414
6.17,-0.14,0.0004689
2.54,-0.11,0.0003191
3.2,-0.088,0.0005809
2.39,-0.15,0.0005985
7.94,-0.16,0.0003713
6.96,-0.033,0.0003865
2.2,-0.11,0.000465
2.52,-0.11,0.0003604
6.64,-0.032,0.000595
1.54,-0.016,0.0005046
1.22,-0.00065,0.0003967
5.22,-0.091,0.0004355
6.56,-0.16,0.0007154
7.83,-0.067,0.0005398
5.53,-0.13,0.0004617
3.0,-0.071,0.0004423
2.99,-0.046,0.0005274
6.19,-0.019,0.0003766
7.9,-0.13,0.0002911
5.81,-0.059,0.000358
3.92,-0.018,0.000716
4.9,-0.17,0.0003717
4.73,-0.067,0.0007459
2.49,-0.015,0.0004946
4.53,-0.071,0.0004736
2.71,-0.014,0.0004818
6.35,-0.084,0.0005567
6.57,-0.018,0.0002984
1.82,-0.063,0.000488
2.54,-0.15,0.0004655
4.75,-0.01,0.0002996
3.3,-0.056,0.0003033
1.83,-0.19,0.0003201
1.49,-0.048,0.0005485
3.2,-0.13,0.0003555
5.58,-0.048,0.0005311
7.12,-0.061,0.0003951
2.3,-0.073,0.0006749
2.1,-0.15,0.0006532
7.59,-0.022,0.0007124
3.97,-0.045,0.0003239
7.38,-0.019,0.0003035
2.86,-0.011,0.0003281
2.73,-0.11,0.0006277
4.72,-0.086,0.0005933
5.77,-0.051,0.0004079
5.34,-0.091,0.0007047
7.37,-0.035,0.0002831
2.91,-0.019,0.0005282
2.22,-0.094,0.0003703
3.01,-0.19,0.0002943
5.19,-0.082,0.000355
5.78,-0.14,0.0003725
5.01,-0.039,0.0005438
6.84,-0.047,0.0006202
1.13,-0.19,0.0007242
3.04,-0.0049,0.0007095
4.86,-0.027,0.0005466
4.47,-0.07,0.000603
7.69,-0.075,0.0006989
5.46,-0.13,0.0007497
3.84,-0.17,0.0005366
6.48,-0.13,0.0003916
4.21,-0.12,0.0002588
5.36,-0.045,0.0003631
5.98,-0.008,0.0002919
4.9,-0.2,0.0003746
2.77,-0.073,0.0002885
2.17,-0.073,0.0005136
7.66,-0.073,0.0003515
2.93,-0.13,0.0005776
6.32,-0.062,0.0005517
2.72,-0.14,0.0004095
1.53,-0.016,0.0005478
1.74,-0.065,0.0004961
3.13,-0.089,0.0002601
6.52,-0.052,0.0006233
2.1,-0.14,0.0003216
3.45,-0.16,0.0006451
2.84,-0.11,0.0003615
7.58,-0.17,0.0004803
3.48,-0.078,0.0005497
2.59,-0.17,0.0002883
6.88,-0.062,0.000409
4.51,-0.13,0.0005084
4.75,-0.094,0.000538
6.07,-0.19,0.000347
6.39,-0.14,0.0005447
1.9,-0.12,0.0003157
7.74,-0.14,0.0006887
7.45,-0.13,0.0003514
5.89,-0.012,0.000274
6.89,-0.014,0.0005834
6.13,-0.18,0.0005203
3.35,-0.2,0.0006727
3.8,-0.19,0.000489
4.31,-0.039,0.0006619
7.4,-0.076,0.0003991
2.72,-0.053,0.0003196
7.71,-0.19,0.0007216
6.52,-0.11,0.0007186
3.02,-0.18,0.0002758
7.57,-0.14,0.0005625
7.86,-0.18,0.000536
6.52,-0.17,0.0003497
5.02,-0.11,0.0003337
1.18,-0.17,0.0006357
1.9,-0.053,0.0005223
6.33,-0.072,0.0006856
6.04,-0.027,0.0006755
3.34,-0.087,0.0005564
2.52,-0.076,0.0004978
3.37,-0.065,0.0003596
2.98,-0.19,0.0003589
1.13,-0.14,0.0006646
5.08,-0.12,0.0007021
2.62,-0.0033,0.0004767
7.83,-0.021,0.000505
5.8,-0.0069,0.0006578
4.41,-0.073,0.0005768
6.03,-0.2,0.0003996
5.24,-0.13,0.0006582
7.57,-0.2,0.0004159
5.01,-0.17,0.0004468
5.39,-0.053,0.0002728
3.26,-0.18,0.0007124
6.05,-0.13,0.0004467
7.29,-0.19,0.0007301
3.61,-0.019,0.0004833
5.0,-0.17,0.0003874
2.76,-0.07,0.0003438
6.03,-0.034,0.0003528
7.18,-0.068,0.0005971
3.69,-0.16,0.0002954
1.33,-0.14,0.0006057
3.01,-0.096,0.000565
5.79,-0.045,0.0003093
3.83,-0.019,0.0007032
2.77,-0.073,0.0005857
5.33,-0.0031,0.0002884
3.2,-0.16,0.0004654
1.47,-0.16,0.0004971
4.91,-0.18,0.0002803
6.59,-0.13,0.000505
6.43,-0.048,0.0005639
3.23,-0.11,0.0007026
1.65,-0.18,0.0004576
1.8,-0.1,0.0005795
1.09,-0.054,0.0006909
1.17,-0.2,0.0006624
6.6,-0.095,0.000284
7.2,-0.013,0.0003619
6.47,-0.19,0.0003094
6.0,-0.031,0.0006033
7.32,-0.16,0.0005631
1.02,-0.031,0.0006113
3.65,-0.083,0.0003288
6.27,-0.056,0.0007061
1.32,-0.039,0.0004813
2.05,-0.068,0.0005367
1.85,-0.073,0.0003329
2.01,-0.078,0.0002919
2.52,-0.11,0.0002602
7.74,-0.0072,0.0006129
4.61,-0.2,0.0004506
6.13,-0.074,0.0005832
3.65,-0.05,0.0005138
3.18,-0.03,0.0002648
4.05,-0.2,0.0004527
1.53,-0.055,0.0004634
7.35,-0.081,0.0003226
3.71,-0.032,0.0003161
3.07,-0.11,0.0003909
3.2,-0.064,0.0004057
5.76,-0.15,0.0003636
2.8,-0.038,0.0004569
6.35,-0.16,0.000336
6.22,-0.18,0.0003479
8.0,-0.037,0.0004656
5.58,-0.016,0.00027
7.6,-0.1,0.0005684
2.19,-0.14,0.0003911
5.74,-0.16,0.0004575
2.05,-0.021,0.0006497
7.71,-0.17,0.0006694
4.02,-0.11,0.0005535
5.86,-0.05,0.0004658
2.28,-0.13,0.0005505
6.31,-0.048,0.0005906
4.18,-0.099,0.000379
5.51,-0.09,0.000365
4.86,-0.035,0.0004785
5.17,-0.17,0.0006117
1.5,-0.12,0.000515
3.39,-0.14,0.0005489
5.95,-0.097,0.0007022
2.47,-0.076,0.0003025
7.61,-0.0073,0.0006067
5.81,-0.07,0.0004659
1.31,-0.13,0.0006885
3.75,-0.015,0.0005028
4.3,-0.081,0.0002503
7.94,-0.059,0.0005481
1.3,-0.15,0.0005961
5.56,-0.071,0.0003457
6.42,-0.12,0.0007181
1.67,-0.041,0.0003661
3.03,-0.1,0.0005481
5.46,-0.1,0.0005391
2.44,-0.074,0.0004555
1.83,-0.016,0.0007165
7.85,-0.023,0.0003716
5.72,-0.067,0.0002584
6.97,-0.046,0.0005248
7.07,-0.0011,0.0007254
7.83,-0.1,0.0005996
6.31,-0.15,0.0006566
1.75,-0.19,0.0005269
6.72,-0.2,0.0003182
6.47,-0.16,0.0003043
7.56,-0.19,0.0005632
5.12,-0.085,0.0006558
5.95,-0.024,0.0004432
4.69,-0.093,0.0007131
7.09,-0.067,0.0005112
2.07,-0.11,0.0004472
2.47,-0.067,0.0003593
4.64,-0.13,0.0003175
1.94,-0.076,0.000311
5.5,-0.032,0.0004958
5.37,-0.11,0.0002863
2.65,-0.029,0.0003347
2.94,-0.075,0.0002692
1.4,-0.17,0.000309
5.15,-0.031,0.0007352
6.35,-0.13,0.0004486
3.37,-0.015,0.0006617
7.06,-0.19,0.0004653
6.57,-0.15,0.0003785
1.35,-0.035,0.000382
6.46,-0.051,0.0007224
2.77,-0.063,0.0004539
1.89,-0.17,0.0003324
5.58,-0.15,0.0004681
3.73,-0.11,0.0006852
2.27,-0.006,0.0006705
7.02,-0.05,0.0002719
2.24,-0.19,0.0006012
7.53,-0.13,0.0004458
5.76,-0.17,0.0005526
1.56,-0.18,0.0004589
6.86,-0.15,0.0005685
6.89,-0.17,0.0004169
6.53,-0.0015,0.0005845
3.34,-0.0049,0.0005511
4.6,-0.17,0.0006861
6.05,-0.16,0.0006087
4.4,-0.13,0.0003894
5.68,-0.086,0.0004197
4.29,-0.0044,0.0006139
2.16,-0.012,0.0005731
2.61,-0.0024,0.000463
4.97,-0.12,0.0006051
4.75,-0.1,0.0006494
5.6,-0.14,0.0005888
6.59,-0.17,0.0006792
5.6,-0.12,0.0002637
6.57,-0.11,0.000545
6.62,-0.089,0.0006003
3.67,-0.088,0.0005342
3.08,-0.15,0.0002733
4.06,-0.16,0.0007057
2.4,-0.11,0.0004894
5.85,-0.079,0.0007042
7.01,-0.17,0.0006052
1.56,-0.2,0.0003735
7.0,-0.0036,0.0004373
5.83,-0.19,0.0003024
3.62,-0.16,0.0007077
4.75,-0.16,0.000566
7.31,-0.17,0.0005007
5.15,-0.083,0.0005149
3.76,-0.04,0.0003425
5.33,-0.082,0.0005492
3.33,-0.18,0.0003582
1.34,-0.06,0.0006924
5.85,-0.016,0.0005796
3.61,-0.043,0.000654
1.69,-0.16,0.0007237
3.55,-0.037,0.0003477
3.59,-0.11,0.0005441
5.68,-0.19,0.0005989
2.66,-0.16,0.0005577
5.69,-0.012,0.0006434
4.34,-0.06,0.0004833
4.74,-0.11,0.0003738
6.92,-0.016,0.0006969
6.24,-0.089,0.000331
2.59,-0.095,0.0004172
2.51,-0.096,0.0003035
1.73,-0.085,0.0006326
6.38,-0.031,0.0005646
4.16,-0.17,0.000422
3.19,-0.2,0.0006241
2.53,-0.0044,0.0006125
4.13,-0.09,0.0007244
3.26,-0.037,0.0004562
7.63,-0.073,0.0003083
6.91,-0.14,0.0006885
3.78,-0.14,0.0007397
3.24,-0.15,0.0003873
4.65,-0.12,0.0003185
5.67,-0.042,0.0005308
5.86,-0.19,0.0006835
2.33,-0.1,0.0006972
6.76,-0.015,0.0002822
2.72,-0.012,0.0007085
2.53,-0.1,0.0004739
2.37,-0.15,0.0002865
4.04,-0.14,0.0006566
6.8,-0.12,0.000387
1.05,-0.038,0.0004041
6.93,-0.079,0.0006354
3.18,-0.18,0.0004573
4.31,-0.13,0.0003203
4.87,-0.086,0.0005785
6.35,-0.031,0.0005486
4.12,-0.17,0.0006511
1.21,-0.19,0.000409
6.42,-0.16,0.0002532
7.51,-0.13,0.0004854
5.02,-0.0054,0.0006136
7.96,-0.04,0.0006027
1.7,-0.17,0.0006888
7.71,-0.18,0.0007471
7.89,-0.0082,0.0005904
4.69,-0.13,0.0006613
7.33,-0.19,0.0007146
4.24,-0.13,0.0005657
3.72,-0.19,0.000473
5.64,-0.1,0.0007258
4.06,-0.19,0.0004647
7.12,-0.05,0.0002679
6.96,-0.15,0.0004076
2.77,-0.012,0.0002924
5.53,-0.0093,0.0005096
7.78,-0.078,0.0004908
2.8,-0.12,0.0003214
3.63,-0.18,0.0004782
2.13,-0.091,0.0002526
3.04,-0.0053,0.0004957
3.85,-0.16,0.0006127
7.71,-0.0097,0.0006108
6.33,-0.19,0.0003927
3.34,-0.12,0.0002895
7.5,-0.16,0.0007183
1.18,-0.035,0.0006118
4.44,-0.099,0.0006136
1.9,-0.052,0.0007351
3.23,-0.14,0.0006991
4.75,-0.045,0.0006066
6.08,-0.0025,0.0004362
2.33,-0.091,0.0007283
6.77,-0.043,0.0005011
5.28,-0.18,0.0003096
6.64,-0.077,0.0006925
3.48,-0.12,0.0005773
7.94,-0.17,0.0003829
1.97,-0.17,0.0005224
2.19,-0.074,0.0005189
3.67,-0.18,0.000737
2.36,-0.034,0.0007068
5.65,-0.09,0.0005919
7.01,-0.17,0.0005453
5.2,-0.19,0.0005943
7.87,-0.12,0.0006164
7.21,-0.12,0.0004088
2.78,-0.14,0.0006746
2.09,-0.1,0.0005943
7.33,-0.095,0.0003739
4.85,-0.19,0.0004649
3.43,-0.18,0.0005369
2.99,-0.15,0.0005837
1.55,-0.15,0.0004235
4.33,-0.011,0.0007434
5.47,-0.067,0.0006374
4.25,-0.19,0.0004884
7.77,-0.062,0.0005022
2.01,-0.17,0.0004839
7.81,-0.14,0.0006611
4.84,-0.059,0.0005326
4.24,-0.12,0.000532
7.62,-0.029,0.0006299
3.04,-0.12,0.0003116
6.18,-0.17,0.0006496
7.16,-0.012,0.0004197
3.25,-0.19,0.0003967
1.9,-0.18,0.0007199
2.71,-0.16,0.000663
6.35,-0.094,0.0006129
4.4,-0.18,0.0006403
1.85,-0.068,0.0006788
3.07,-0.13,0.0006233
2.18,-0.13,0.0004443
5.07,-0.086,0.0003989
2.57,-0.1,0.0006289
5.77,-0.18,0.0005584
6.3,-0.12,0.0003722
2.23,-0.12,0.0004269
1.99,-0.12,0.0004835
6.17,-0.042,0.0007146
7.46,-0.1,0.0006173
4.94,-0.18,0.0005815
4.55,-0.00038,0.0004739
3.84,-0.023,0.0007474
7.65,-0.11,0.0006508
3.69,-0.15,0.0005138
1.22,-0.043,0.0004485
7.38,-0.19,0.0005423
1.02,-0.16,0.0007152
7.68,-0.057,0.0005351
3.64,-0.15,0.0005805
2.3,-0.056,0.0005357
5.58,-0.14,0.0004621
3.5,-0.063,0.0003564
2.78,-0.12,0.000371
4.07,-0.096,0.0003777
5.86,-0.17,0.0002839
1.67,-0.17,0.0002515
7.16,-0.067,0.0003928
3.11,-0.0037,0.0007354
2.48,-0.18,0.000618
2.73,-0.17,0.0003799
6.96,-0.19,0.0003969
2.0,-0.13,0.0007046
1.85,-0.078,0.000331
3.19,-0.12,0.0002874
2.52,-0.05,0.0004034
6.6,-0.14,0.0002701
5.69,-0.097,0.000553
7.04,-0.17,0.0004069
3.73,-0.036,0.0005379
1.07,-0.11,0.000586
7.66,-0.18,0.0007315
5.47,-0.041,0.0005834
6.78,-0.025,0.0006297
3.21,-0.11,0.0006176
2.33,-0.16,0.0007182
6.02,-0.082,0.0003781
3.16,-0.12,0.000401
1.23,-0.11,0.0002904
6.02,-0.019,0.0006995
3.8,-0.12,0.0006179
3.95,-0.16,0.0006173
7.04,-0.054,0.0002861
7.48,-0.073,0.0005386
2.36,-0.066,0.0005125
2.23,-0.18,0.0003961
2.99,-0.11,0.0005021
2.57,-0.1,0.0005137
4.89,-0.048,0.0004693
1.63,-0.0061,0.0003978
3.08,-0.019,0.0005005
2.87,-0.024,0.0006512
2.71,-0.2,0.0005549
6.67,-0.0085,0.0002983
